date posted,day streak,ğŸ‘‘ Round,ğŸ‘‘,1/6,2/6,3/6,4/6,5/6,6/6,X/6
2025-06-06,**Your group is on a 1 day streak!** ğŸ”¥ Here are yesterday's results:,1/6,@theBestLoser,@theBestLoser,--,@NotMajorPerson,@mediocreplant,@AsA @hereisrachel,--,@sinfulprey @eplex
2025-06-07,**Your group is on a 2 day streak!** ğŸ”¥ Here are yesterday's results:,3/6,@AsA,--,--,@AsA,@hereisrachel,@Cesh,@MajorDanger,@mediocreplant @sinfulprey
2025-06-08,**Your group is on a 3 day streak!** ğŸ”¥ Here are yesterday's results:,4/6,@hereisrachel,--,--,--,@hereisrachel,@sinfulprey @MajorDanger,--,@AsA @molligan82
2025-06-09,**Your group is on a 4 day streak!** ğŸ”¥ Here are yesterday's results:,3/6,@theFastestClark,--,--,@theFastestClark,@hereisrachel @sinfulprey,@mediocreplant @molligan82,@joel @theBestLoser,--
2025-06-10,**Your group is on a 5 day streak!** ğŸ”¥ Here are yesterday's results:,2/6,@sinfulprey,--,@sinfulprey,@mediocreplant @Cesh @molligan82,@MajorDanger @AsA,@hereisrachel @joel @theBestLoser,--,@CardinalJoker
2025-06-11,**Your group is on a 6 day streak!** ğŸ”¥ Here are yesterday's results:,3/6,@sinfulprey,--,--,@sinfulprey,@joel @thePollChancellor @CardinalJoker,@hereisrachel @MajorDanger @mediocreplant @molligan82,@theBestLoser @Cesh @AsA,@hj1184 @toastychu
2025-06-12,**Your group is on a 7 day streak!** ğŸ”¥ Here are yesterday's results:,3/6,@hereisrachel @sinfulprey @molligan82,--,--,@hereisrachel @sinfulprey @molligan82,@Cesh @AsA @theFastestClark @mediocreplant @theBestLoser,@MajorDanger @CardinalJoker,--,--
2025-06-13,**Your group is on an 8 day streak!** ğŸ”¥ Here are yesterday's results:,3/6,@joel,--,--,@joel,@hereisrachel @hj1184 @CardinalJoker,@Cesh @molligan82 @mediocreplant @sinfulprey @toastychu,@theBestLoser @theFastestClark @thePollChancellor @AsA,@MajorDanger
2025-06-14,**Your group is on a 9 day streak!** ğŸ”¥ Here are yesterday's results:,2/6,@CardinalJoker,--,@CardinalJoker,@AsA,@theFastestClark @molligan82 @sinfulprey,@hereisrachel @hj1184 @Cesh @theBestLoser,@mediocreplant @MajorDanger,@toastychu @joel
2025-06-15,**Your group is on a 10 day streak!** ğŸ”¥ Here are yesterday's results:,1/6,@theBestLoser,@theBestLoser,@CardinalJoker,@molligan82 @mediocreplant,@sinfulprey @hereisrachel @toastychu @hj1184 @theFastestClark,@Cesh,@MajorDanger,@AsA
2025-06-16,**Your group is on an 11 day streak!** ğŸ”¥ Here are yesterday's results:,2/6,@mediocreplant,--,@mediocreplant,@hereisrachel @molligan82,@hj1184 @CardinalJoker @jbonly @theFastestClark @sinfulprey,--,@joel,@Cesh @MajorDanger @toastychu
2025-06-16,**Your group is on a 12 day streak!** ğŸ”¥ Here are yesterday's results:,3/6,@sinfulprey @hereisrachel,--,--,@sinfulprey @hereisrachel,@CardinalJoker @molligan82 @jbonly,@Cesh @toastychu @AsA @joel,@MajorDanger,@theBestLoser @mediocreplant
2025-06-17,**Your group is on a 13 day streak!** ğŸ”¥ Here are yesterday's results:,3/6,@hereisrachel @toastychu @molligan82,--,--,@hereisrachel @toastychu @molligan82,@Cesh @MajorDanger @joel @theFastestClark,@CardinalJoker @jbonly @mediocreplant @AsA,@sinfulprey,@theBestLoser
2025-06-18,**Your group is on a 14 day streak!** ğŸ”¥ Here are yesterday's results:,3/6,@theFastestClark @AsA,--,--,@theFastestClark @AsA,@hj1184,@jbonly @joel @sinfulprey @Cesh @mediocreplant @CardinalJoker @toastychu,@hereisrachel @MajorDanger,@theBestLoser
2025-06-19,**Your group is on a 15 day streak!** ğŸ”¥ Here are yesterday's results:,3/6,@toastychu @joel @jbonly,--,--,@toastychu @joel @jbonly,@hereisrachel @sinfulprey @CardinalJoker @theBestLoser @molligan82 @MajorDanger,@Cesh @hj1184 @AsA,@mediocreplant,@theFastestClark
2025-06-20,**Your group is on a 16 day streak!** ğŸ”¥ Here are yesterday's results:,3/6,@hereisrachel @joel @CardinalJoker @jbonly,--,--,@hereisrachel @joel @CardinalJoker @jbonly,@hj1184 @MajorDanger,@sinfulprey @toastychu,@theFastestClark @molligan82 @mediocreplant,@Cesh
2025-06-22,**Your group is on a 17 day streak!** ğŸ”¥ Here are yesterday's results:,3/6,@sinfulprey,--,--,@sinfulprey,@toastychu @CardinalJoker @joel,@MajorDanger @Cesh @jbonly,@mediocreplant,@hereisrachel
2025-06-22,**Your group is on an 18 day streak!** ğŸ”¥ Here are yesterday's results:,3/6,@hereisrachel @Cesh @sinfulprey @CardinalJoker,--,--,@hereisrachel @Cesh @sinfulprey @CardinalJoker,@molligan82 @jbonly @theFastestClark,@hj1184 @toastychu @MajorDanger @mediocreplant,--,@joel
2025-06-24,**Your group is on a 19 day streak!** ğŸ”¥ Here are yesterday's results:,1/6,@CardinalJoker,@CardinalJoker,--,@hj1184 @MajorDanger,@hereisrachel @mediocreplant @joel @theFastestClark @jbonly @sinfulprey,@Cesh @molligan82,@toastychu,--
2025-06-25,**Your group is on a 20 day streak!** ğŸ”¥ Here are yesterday's results:,4/6,@mediocreplant @toastychu @hj1184 @molligan82 @jbonly,--,--,--,@mediocreplant @toastychu @hj1184 @molligan82 @jbonly,@sinfulprey @CardinalJoker,@joel,@hereisrachel @MajorDanger @theFastestClark
2025-06-25,**Your group is on a 21 day streak!** ğŸ”¥ Here are yesterday's results:,4/6,@hj1184 @theFastestClark @joel @molligan82,--,--,--,@hj1184 @theFastestClark @joel @molligan82,@sinfulprey @hereisrachel @toastychu @jbonly,@Cesh @MajorDanger @CardinalJoker,@mediocreplant
2025-06-26,**Your group is on a 22 day streak!** ğŸ”¥ Here are yesterday's results:,3/6,@jbonly @mediocreplant,--,--,@jbonly @mediocreplant,@molligan82 @hereisrachel @sinfulprey,@joel @Cesh @theFastestClark @CardinalJoker,--,@theBestLoser @hj1184 @MajorDanger @toastychu
2025-06-28,**Your group is on a 23 day streak!** ğŸ”¥ Here are yesterday's results:,2/6,@mediocreplant @hereisrachel @Cesh @theFastestClark,--,@mediocreplant @hereisrachel @Cesh @theFastestClark,@molligan82,@CardinalJoker @sinfulprey @hj1184 @toastychu,@theBestLoser,--,--
2025-06-29,**Your group is on a 24 day streak!** ğŸ”¥ Here are yesterday's results:,2/6,@CardinalJoker,--,@CardinalJoker,@theBestLoser @mediocreplant @hereisrachel @joel,@hj1184 @MajorDanger,@sinfulprey @molligan82 @toastychu,@jbonly,@Cesh
2025-06-30,**Your group is on a 25 day streak!** ğŸ”¥ Here are yesterday's results:,3/6,@sinfulprey,--,--,@sinfulprey,@Cesh,@hj1184 @molligan82 @joel @MajorDanger @CardinalJoker,@mediocreplant @jbonly,@theFastestClark @hereisrachel @toastychu
2025-07-01,**Your group is on a 26 day streak!** ğŸ”¥ Here are yesterday's results:,3/6,@hereisrachel,--,--,@hereisrachel,@Cesh @theBestLoser @molligan82 @MajorDanger @joel @toastychu @theFastestClark @jbonly,@sinfulprey @hj1184 @mediocreplant,--,@CardinalJoker
2025-07-02,**Your group is on a 27 day streak!** ğŸ”¥ Here are yesterday's results:,3/6,@sinfulprey @theFastestClark @CardinalJoker,--,--,@sinfulprey @theFastestClark @CardinalJoker,@hj1184 @jbonly @joel @MajorDanger,@hereisrachel @toastychu,@theBestLoser @mediocreplant,--
2025-07-03,**Your group is on a 28 day streak!** ğŸ”¥ Here are yesterday's results:,1/6,@MajorDanger,@MajorDanger,--,@molligan82,@hereisrachel @joel @jbonly,@mediocreplant @theBestLoser @hj1184 @Cesh,--,@theFastestClark @toastychu @sinfulprey
2025-07-04,**Your group is on a 29 day streak!** ğŸ”¥ Here are yesterday's results:,3/6,@CardinalJoker,--,--,@CardinalJoker,@theFastestClark @molligan82 @jbonly,@sinfulprey @hereisrachel @theBestLoser @joel @MajorDanger,@originalPet,@hj1184 @mediocreplant @Cesh @toastychu
2025-07-05,**Your group is on a 30 day streak!** ğŸ”¥ Here are yesterday's results:,4/6,@hereisrachel @Cesh,--,--,--,@hereisrachel @Cesh,@CardinalJoker,@sinfulprey @molligan82 @MajorDanger,@theFastestClark @mediocreplant @theBestLoser
2025-07-05,**Your group is on a 31 day streak!** ğŸ”¥ Here are yesterday's results:,2/6,@joel,--,@joel,--,@jbonly,@MajorDanger @molligan82,@originalPet @hj1184 @Cesh,@mediocreplant @hereisrachel @sinfulprey @theBestLoser
2025-07-07,**Your group is on a 32 day streak!** ğŸ”¥ Here are yesterday's results:,3/6,@jbonly,--,--,@jbonly,@hereisrachel @originalPet @sinfulprey,@joel @MajorDanger,@toastychu @hj1184,@theFastestClark @theBestLoser @Cesh
2025-07-08,**Your group is on a 33 day streak!** ğŸ”¥ Here are yesterday's results:,3/6,@hereisrachel @mediocreplant,--,--,@hereisrachel @mediocreplant,@joel @toastychu @sinfulprey @Cesh @originalPet @jbonly @CardinalJoker,--,@MajorDanger,--
2025-07-08,**Your group is on a 34 day streak!** ğŸ”¥ Here are yesterday's results:,2/6,@mediocreplant,--,@mediocreplant,@Cesh,@originalPet @sinfulprey @toastychu @MajorDanger @theBestLoser @theFastestClark @hj1184 @joel,--,--,@hereisrachel @jbonly
2025-07-10,**Your group is on a 35 day streak!** ğŸ”¥ Here are yesterday's results:,3/6,@hereisrachel,--,--,@hereisrachel,@originalPet @toastychu @joel @sinfulprey @jbonly,@CardinalJoker @MajorDanger,@mediocreplant,@theBestLoser
2025-07-11,**Your group is on a 36 day streak!** ğŸ”¥ Here are yesterday's results:,3/6,@CardinalJoker,--,--,@CardinalJoker,@mediocreplant @originalPet @joel,@hereisrachel @sinfulprey,--,@MajorDanger @molligan82 @toastychu @jbonly
2025-07-12,**Your group is on a 37 day streak!** ğŸ”¥ Here are yesterday's results:,2/6,@sinfulprey,--,@sinfulprey,@hj1184 @jbonly @joel,@originalPet @toastychu @Cesh,@hereisrachel @CardinalJoker @MajorDanger,--,--
2025-07-12,**Your group is on a 38 day streak!** ğŸ”¥ Here are yesterday's results:,4/6,@joel,--,--,--,@joel,@Cesh @mediocreplant @sinfulprey @originalPet @toastychu @hereisrachel @hj1184 @jbonly,@MajorDanger,@CardinalJoker
2025-07-13,**Your group is on a 39 day streak!** ğŸ”¥ Here are yesterday's results:,3/6,@sinfulprey @MajorDanger @theFastestClark,--,--,@sinfulprey @MajorDanger @theFastestClark,@hereisrachel @originalPet @toastychu @mediocreplant,@hj1184 @jbonly,@joel,@CardinalJoker
2025-07-15,**Your group is on a 40 day streak!** ğŸ”¥ Here are yesterday's results:,3/6,@hj1184,--,--,@hj1184,@jbonly,@sinfulprey @originalPet @hereisrachel,@joel,@MajorDanger @toastychu @Cesh
2025-07-16,**Your group is on a 41 day streak!** ğŸ”¥ Here are yesterday's results:,3/6,@originalPet,--,--,@originalPet,--,@mediocreplant @hereisrachel @Cesh @MajorDanger,@hj1184 @jbonly,@sinfulprey @theFastestClark @toastychu @joel
2025-07-17,**Your group is on a 42 day streak!** ğŸ”¥ Here are yesterday's results:,3/6,@CardinalJoker,--,--,@CardinalJoker,@hereisrachel,@originalPet @jbonly,@Cesh @joel @MajorDanger,@sinfulprey @theFastestClark
2025-07-17,**Your group is on a 43 day streak!** ğŸ”¥ Here are yesterday's results:,4/6,@originalPet @sinfulprey,--,--,--,@originalPet @sinfulprey,@hereisrachel @jbonly,@mediocreplant @hj1184,@CardinalJoker @Cesh
2025-07-19,**Your group is on a 44 day streak!** ğŸ”¥ Here are yesterday's results:,3/6,@mediocreplant @hj1184 @jbonly,--,--,@mediocreplant @hj1184 @jbonly,@hereisrachel @sinfulprey @CardinalJoker @theFastestClark,@MajorDanger,@Cesh,@toastychu @originalPet
2025-07-19,**Your group is on a 45 day streak!** ğŸ”¥ Here are yesterday's results:,2/6,@CardinalJoker,--,@CardinalJoker,@hj1184,@hereisrachel @originalPet @sinfulprey @joel @jbonly @MajorDanger,@mediocreplant,@Cesh,@toastychu
2025-07-20,**Your group is on a 46 day streak!** ğŸ”¥ Here are yesterday's results:,3/6,@joel,--,--,@joel,@Cesh @sinfulprey @jbonly,@mediocreplant @hereisrachel @originalPet @MajorDanger @toastychu @hj1184,@CardinalJoker,--
2025-07-21,**Your group is on a 47 day streak!** ğŸ”¥ Here are yesterday's results:,5/6,@hereisrachel @originalPet @toastychu,--,--,--,--,@hereisrachel @originalPet @toastychu,@sinfulprey @CardinalJoker @joel @MajorDanger @mediocreplant,@jbonly
2025-07-23,**Your group is on a 48 day streak!** ğŸ”¥ Here are yesterday's results:,3/6,@joel @hj1184 @mediocreplant,--,--,@joel @hj1184 @mediocreplant,@sinfulprey @originalPet @hereisrachel @jbonly @MajorDanger,--,--,@CardinalJoker @toastychu
2025-07-24,**Your group is on a 49 day streak!** ğŸ”¥ Here are yesterday's results:,1/6,@sinfulprey,@sinfulprey,@eplex,--,@originalPet @CardinalJoker @jbonly @hereisrachel,@hj1184,@joel @mediocreplant,@toastychu
2025-07-25,**Your group is on a 50 day streak!** ğŸ”¥ Here are yesterday's results:,3/6,@MajorDanger @jbonly,--,--,@MajorDanger @jbonly,@sinfulprey,@joel @hj1184 @hereisrachel,--,@CardinalJoker @originalPet
2025-07-25,**Your group is on a 51 day streak!** ğŸ”¥ Here are yesterday's results:,3/6,@CardinalJoker @mediocreplant,--,--,@CardinalJoker @mediocreplant,@originalPet,@joel @jbonly,@sinfulprey,@hereisrachel @MajorDanger @hj1184
2025-07-26,**Your group is on a 52 day streak!** ğŸ”¥ Here are yesterday's results:,3/6,@hj1184 @CardinalJoker @hereisrachel @jbonly,--,--,@hj1184 @CardinalJoker @hereisrachel @jbonly,@sinfulprey @originalPet,@mediocreplant @toastychu,--,--
2025-07-27,**Your group is on a 53 day streak!** ğŸ”¥ Here are yesterday's results:,3/6,@jbonly @sinfulprey @CardinalJoker,--,--,@jbonly @sinfulprey @CardinalJoker,@originalPet,@hereisrachel @MajorDanger,@hj1184,@mediocreplant @toastychu
2025-07-29,**Your group is on a 54 day streak!** ğŸ”¥ Here are yesterday's results:,6/6,@sinfulprey @CardinalJoker @originalPet @hereisrachel,--,--,--,--,--,@sinfulprey @CardinalJoker @originalPet @hereisrachel,@jbonly @joel @toastychu
2025-07-30,**Your group is on a 55 day streak!** ğŸ”¥ Here are yesterday's results:,3/6,@hereisrachel @originalPet,--,--,@hereisrachel @originalPet,@joel @theFastestClark @jbonly,@hj1184,--,@toastychu @CardinalJoker @NotMajorPerson @sinfulprey
2025-07-31,**Your group is on a 56 day streak!** ğŸ”¥ Here are yesterday's results:,3/6,@joel,--,--,@joel,@sinfulprey @CardinalJoker @hereisrachel,@originalPet,@MajorDanger,@hj1184 @toastychu
2025-07-31,**Your group is on a 57 day streak!** ğŸ”¥ Here are yesterday's results:,3/6,@mediocreplant,--,--,@mediocreplant,@CardinalJoker,@MajorDanger @sinfulprey @hereisrachel,@joel,@originalPet @theFastestClark
2025-08-02,**Your group is on a 58 day streak!** ğŸ”¥ Here are yesterday's results:,4/6,@joel @hereisrachel @mediocreplant,--,--,--,@joel @hereisrachel @mediocreplant,@originalPet,@sinfulprey,@MajorDanger @CardinalJoker
2025-08-03,**Your group is on a 59 day streak!** ğŸ”¥ Here are yesterday's results:,4/6,@CardinalJoker @sinfulprey @originalPet @hereisrachel @jbonly @hj1184,--,--,--,@CardinalJoker @sinfulprey @originalPet @hereisrachel @jbonly @hj1184,@toastychu @theFastestClark,@joel,--
2025-08-04,**Your group is on a 60 day streak!** ğŸ”¥ Here are yesterday's results:,3/6,@originalPet @toastychu,--,--,@originalPet @toastychu,@joel @theFastestClark,@hereisrachel @hj1184 @sinfulprey @jbonly,--,@MajorDanger
2025-08-05,**Your group is on a 61 day streak!** ğŸ”¥ Here are yesterday's results:,3/6,@joel @hereisrachel,--,--,@joel @hereisrachel,@originalPet @sinfulprey @jbonly @hj1184,--,--,@toastychu
2025-08-06,**Your group is on a 62 day streak!** ğŸ”¥ Here are yesterday's results:,4/6,@joel @hereisrachel @jbonly,--,--,--,@joel @hereisrachel @jbonly,@sinfulprey @hj1184,@originalPet,--
2025-08-07,**Your group is on a 63 day streak!** ğŸ”¥ Here are yesterday's results:,3/6,@originalPet @sinfulprey,--,--,@originalPet @sinfulprey,@hereisrachel @jbonly,@joel @CardinalJoker @hj1184 @Cesh,--,@theFastestClark
2025-08-08,**Your group is on a 64 day streak!** ğŸ”¥ Here are yesterday's results:,3/6,@joel,--,--,@joel,@hereisrachel @CardinalJoker @jbonly,@originalPet,@sinfulprey @toastychu,--
2025-08-09,**Your group is on a 65 day streak!** ğŸ”¥ Here are yesterday's results:,2/6,@CardinalJoker,--,@CardinalJoker,--,@joel @hereisrachel @jbonly,@originalPet @sinfulprey,--,@toastychu @MajorDanger @mediocreplant @hj1184
2025-08-10,**Your group is on a 66 day streak!** ğŸ”¥ Here are yesterday's results:,1/6,@theBestLoser,@theBestLoser,--,@originalPet @sinfulprey,@joel @hereisrachel @CardinalJoker,@hj1184,--,@mediocreplant @MajorDanger @Cesh @toastychu
2025-08-11,**Your group is on a 67 day streak!** ğŸ”¥ Here are yesterday's results:,3/6,@sinfulprey @originalPet @theFastestClark,--,--,@sinfulprey @originalPet @theFastestClark,@mediocreplant @hereisrachel @joel,@CardinalJoker @jbonly,--,@toastychu
2025-08-12,**Your group is on a 68 day streak!** ğŸ”¥ Here are yesterday's results:,3/6,@CardinalJoker @originalPet,--,--,@CardinalJoker @originalPet,--,@hj1184 @hereisrachel @toastychu @sinfulprey @joel,@mediocreplant,--
2025-08-13,**Your group is on a 69 day streak!** ğŸ”¥ Here are yesterday's results:,2/6,@joel,--,@joel,@hereisrachel @originalPet @CardinalJoker,@hj1184 @theFastestClark @sinfulprey,@jbonly,--,@toastychu
2025-08-14,**Your group is on a 70 day streak!** ğŸ”¥ Here are yesterday's results:,3/6,@sinfulprey,--,--,@sinfulprey,@joel,@hereisrachel,--,@originalPet @hj1184 @CardinalJoker @jbonly
2025-08-15,**Your group is on a 71 day streak!** ğŸ”¥ Here are yesterday's results:,4/6,@sinfulprey @jbonly,--,--,--,@sinfulprey @jbonly,@joel @hereisrachel,@hj1184 @originalPet @CardinalJoker,@toastychu @mediocreplant
2025-08-16,**Your group is on a 72 day streak!** ğŸ”¥ Here are yesterday's results:,4/6,@joel @originalPet @mediocreplant,--,--,--,@joel @originalPet @mediocreplant,@CardinalJoker @sinfulprey,@hereisrachel,@jbonly
2025-08-17,**Your group is on a 73 day streak!** ğŸ”¥ Here are yesterday's results:,2/6,@sinfulprey,--,@sinfulprey,@originalPet @mediocreplant,@CardinalJoker @jbonly,@joel @hereisrachel,--,--
2025-08-17,**Your group is on a 74 day streak!** ğŸ”¥ Here are yesterday's results:,3/6,@joel @originalPet,--,--,@joel @originalPet,@jbonly @hereisrachel,@hj1184 @sinfulprey,@CardinalJoker,@mediocreplant
2025-08-19,**Your group is on a 75 day streak!** ğŸ”¥ Here are yesterday's results:,3/6,@hereisrachel,--,--,@hereisrachel,@CardinalJoker @mediocreplant @joel,--,@sinfulprey,@originalPet
2025-08-20,**Your group is on a 76 day streak!** ğŸ”¥ Here are yesterday's results:,3/6,@hereisrachel,--,--,@hereisrachel,@sinfulprey @mediocreplant,@originalPet @hj1184,@CardinalJoker,--
2025-08-21,**Your group is on a 77 day streak!** ğŸ”¥ Here are yesterday's results:,5/6,@sinfulprey @hereisrachel @CardinalJoker,--,--,--,--,@sinfulprey @hereisrachel @CardinalJoker,--,@originalPet @mediocreplant
2025-08-22,**Your group is on a 78 day streak!** ğŸ”¥ Here are yesterday's results:,4/6,@hereisrachel,--,--,--,@hereisrachel,@mediocreplant @originalPet,--,@CardinalJoker @sinfulprey
2025-08-23,**Your group is on a 79 day streak!** ğŸ”¥ Here are yesterday's results:,4/6,@mediocreplant,--,--,--,@mediocreplant,@hereisrachel @joel @CardinalJoker,@sinfulprey @originalPet,--
2025-08-24,**Your group is on an 80 day streak!** ğŸ”¥ Here are yesterday's results:,4/6,@sinfulprey @hereisrachel @CardinalJoker @hj1184,--,--,--,@sinfulprey @hereisrachel @CardinalJoker @hj1184,@joel,@originalPet,@mediocreplant
2025-08-25,**Your group is on an 81 day streak!** ğŸ”¥ Here are yesterday's results:,3/6,@sinfulprey,--,--,@sinfulprey,@hereisrachel @CardinalJoker @originalPet,@joel @mediocreplant @hj1184,--,--
2025-08-26,**Your group is on an 82 day streak!** ğŸ”¥ Here are yesterday's results:,4/6,@CardinalJoker @originalPet,--,--,--,@CardinalJoker @originalPet,@sinfulprey @hj1184,@mediocreplant @joel @hereisrachel,--
2025-08-27,**Your group is on an 83 day streak!** ğŸ”¥ Here are yesterday's results:,3/6,@joel @sinfulprey,--,--,@joel @sinfulprey,@hereisrachel @jbonly @CardinalJoker,--,@originalPet @mediocreplant,@toastychu
2025-08-28,**Your group is on an 84 day streak!** ğŸ”¥ Here are yesterday's results:,2/6,@sinfulprey,--,@sinfulprey,@jbonly,@originalPet @hereisrachel @CardinalJoker,@mediocreplant @theFastestClark,--,--
2025-08-29,**Your group is on an 85 day streak!** ğŸ”¥ Here are yesterday's results:,3/6,@sinfulprey,--,--,@sinfulprey,@hereisrachel @mediocreplant,@originalPet @jbonly @CardinalJoker,--,--
2025-08-30,**Your group is on an 86 day streak!** ğŸ”¥ Here are yesterday's results:,4/6,@originalPet @mediocreplant @CardinalJoker @jbonly,--,--,--,@originalPet @mediocreplant @CardinalJoker @jbonly,@sinfulprey @hereisrachel,@joel,--
2025-08-31,**Your group is on an 87 day streak!** ğŸ”¥ Here are yesterday's results:,4/6,@hereisrachel @sinfulprey,--,--,--,@hereisrachel @sinfulprey,@joel @originalPet @jbonly,--,@mediocreplant
2025-09-01,**Your group is on an 88 day streak!** ğŸ”¥ Here are yesterday's results:,2/6,@originalPet,--,@originalPet,@joel @sinfulprey,@hj1184 @mediocreplant @hereisrachel @jbonly @CardinalJoker,--,--,--
2025-09-02,**Your group is on an 89 day streak!** ğŸ”¥ Here are yesterday's results:,3/6,@joel @mediocreplant @jbonly,--,--,@joel @mediocreplant @jbonly,@hereisrachel @sinfulprey,@originalPet,--,--
2025-09-03,**Your group is on a 90 day streak!** ğŸ”¥ğŸ”¥ğŸ”¥ Here are yesterday's results:,3/6,@sinfulprey @originalPet,--,--,@sinfulprey @originalPet,@joel @CardinalJoker,--,@hereisrachel @jbonly,--
2025-09-04,**Your group is on a 91 day streak!** ğŸ”¥ğŸ”¥ğŸ”¥ Here are yesterday's results:,3/6,@sinfulprey @CardinalJoker,--,--,@sinfulprey @CardinalJoker,@hereisrachel @joel,@originalPet @jbonly,@hj1184,@mediocreplant
2025-09-05,**Your group is on a 92 day streak!** ğŸ”¥ğŸ”¥ğŸ”¥ Here are yesterday's results:,3/6,@jbonly @joel,--,--,@jbonly @joel,@sinfulprey,@hereisrachel @originalPet,--,@CardinalJoker
2025-09-06,**Your group is on a 93 day streak!** ğŸ”¥ğŸ”¥ğŸ”¥ Here are yesterday's results:,1/6,@theBestLoser,@theBestLoser,@CardinalJoker,@hereisrachel @theFastestClark @mediocreplant,@sinfulprey @joel,@originalPet @jbonly,@hj1184,--
2025-09-07,**Your group is on a 94 day streak!** ğŸ”¥ğŸ”¥ğŸ”¥ Here are yesterday's results:,3/6,@hereisrachel,--,--,@hereisrachel,@joel,@originalPet @jbonly,--,@CardinalJoker @sinfulprey
2025-09-08,**Your group is on a 95 day streak!** ğŸ”¥ğŸ”¥ğŸ”¥ Here are yesterday's results:,3/6,@joel @jbonly @sinfulprey,--,--,@joel @jbonly @sinfulprey,@hj1184 @hereisrachel @originalPet @CardinalJoker,--,--,@mediocreplant
2025-09-09,**Your group is on a 96 day streak!** ğŸ”¥ğŸ”¥ğŸ”¥ Here are yesterday's results:,3/6,@hereisrachel @originalPet @joel,--,--,@hereisrachel @originalPet @joel,--,--,--,@sinfulprey
2025-09-10,**Your group is on a 97 day streak!** ğŸ”¥ğŸ”¥ğŸ”¥ Here are yesterday's results:,3/6,@originalPet @jbonly @joel,--,--,@originalPet @jbonly @joel,@sinfulprey @hereisrachel,--,--,--
2025-09-11,**Your group is on a 98 day streak!** ğŸ”¥ğŸ”¥ğŸ”¥ Here are yesterday's results:,3/6,@hj1184 @hereisrachel @sinfulprey,--,--,@hj1184 @hereisrachel @sinfulprey,@originalPet @jbonly,@mediocreplant @joel,--,--
2025-09-12,**Your group is on a 99 day streak!** ğŸ”¥ğŸ”¥ğŸ”¥ Here are yesterday's results:,3/6,@sinfulprey @jbonly @originalPet,--,--,@sinfulprey @jbonly @originalPet,@hereisrachel @joel,--,--,@mediocreplant
2025-09-13,**Your group is on a 100 day streak!** ğŸ”¥ğŸ”¥ğŸ”¥ Here are yesterday's results:,3/6,@jbonly @joel,--,--,@jbonly @joel,@hereisrachel @sinfulprey,@hj1184 @originalPet,--,@mediocreplant
2025-09-14,**Your group is on a 101 day streak!** ğŸ”¥ğŸ”¥ğŸ”¥ Here are yesterday's results:,1/6,@theBestLoser,@theBestLoser,--,@hereisrachel @mediocreplant,@joel @sinfulprey @jbonly @CardinalJoker @hj1184,--,--,@originalPet
2025-09-15,**Your group is on a 102 day streak!** ğŸ”¥ğŸ”¥ğŸ”¥ Here are yesterday's results:,3/6,@hereisrachel,--,--,@hereisrachel,@CardinalJoker @originalPet @sinfulprey @jbonly,@joel,--,--
2025-09-15,**Your group is on a 103 day streak!** ğŸ”¥ğŸ”¥ğŸ”¥ Here are yesterday's results:,3/6,@hereisrachel @hj1184,--,--,@hereisrachel @hj1184,@sinfulprey @mediocreplant @jbonly,--,@joel @originalPet,--
2025-09-17,**Your group is on a 104 day streak!** ğŸ”¥ğŸ”¥ğŸ”¥ Here are yesterday's results:,2/6,@mediocreplant,--,@mediocreplant,@hj1184 @jbonly @joel,@sinfulprey @originalPet @hereisrachel @theFastestClark,--,--,--
2025-09-18,**Your group is on a 105 day streak!** ğŸ”¥ğŸ”¥ğŸ”¥ Here are yesterday's results:,3/6,@hj1184 @originalPet @jbonly,--,--,@hj1184 @originalPet @jbonly,@hereisrachel @joel,--,--,@CardinalJoker @sinfulprey @mediocreplant
2025-09-19,**Your group is on a 106 day streak!** ğŸ”¥ğŸ”¥ğŸ”¥ Here are yesterday's results:,3/6,@sinfulprey @hereisrachel @originalPet @jbonly,--,--,@sinfulprey @hereisrachel @originalPet @jbonly,@mediocreplant @joel,--,@hj1184,--
2025-09-19,**Your group is on a 107 day streak!** ğŸ”¥ğŸ”¥ğŸ”¥ Here are yesterday's results:,2/6,@sinfulprey @joel,--,@sinfulprey @joel,@originalPet @jbonly,@CardinalJoker @hereisrachel,@hj1184,--,@mediocreplant
2025-09-21,**Your group is on a 108 day streak!** ğŸ”¥ğŸ”¥ğŸ”¥ Here are yesterday's results:,4/6,@mediocreplant @hereisrachel,--,--,--,@mediocreplant @hereisrachel,@hj1184 @originalPet @jbonly,@joel @CardinalJoker,@sinfulprey
2025-09-22,**Your group is on a 109 day streak!** ğŸ”¥ğŸ”¥ğŸ”¥ Here are yesterday's results:,3/6,@hereisrachel,--,--,@hereisrachel,--,@joel @jbonly @originalPet @sinfulprey @dexter,@mediocreplant,--
2025-09-23,**Your group is on a 110 day streak!** ğŸ”¥ğŸ”¥ğŸ”¥ Here are yesterday's results:,2/6,@CardinalJoker,--,@CardinalJoker,--,@hereisrachel @originalPet @joel @jbonly,@sinfulprey,--,--
2025-09-24,**Your group is on a 111 day streak!** ğŸ”¥ğŸ”¥ğŸ”¥ Here are yesterday's results:,3/6,@joel @originalPet,--,--,@joel @originalPet,@hereisrachel @jbonly,@sinfulprey @mediocreplant @hj1184,--,--
2025-09-25,**Your group is on a 112 day streak!** ğŸ”¥ğŸ”¥ğŸ”¥ Here are yesterday's results:,3/6,@hereisrachel,--,--,@hereisrachel,@sinfulprey @originalPet @hj1184 @jbonly,@joel @CardinalJoker,--,--
2025-09-26,**Your group is on a 113 day streak!** ğŸ”¥ğŸ”¥ğŸ”¥ Here are yesterday's results:,3/6,@hereisrachel @sinfulprey @jbonly @hj1184,--,--,@hereisrachel @sinfulprey @jbonly @hj1184,--,@joel @originalPet,@mediocreplant,--
2025-09-26,**Your group is on a 114 day streak!** ğŸ”¥ğŸ”¥ğŸ”¥ Here are yesterday's results:,4/6,@sinfulprey @hereisrachel @jbonly,--,--,--,@sinfulprey @hereisrachel @jbonly,@joel,@originalPet,--
2025-09-28,**Your group is on a 115 day streak!** ğŸ”¥ğŸ”¥ğŸ”¥ Here are yesterday's results:,3/6,@hereisrachel,--,--,@hereisrachel,@joel,@hj1184 @CardinalJoker,@sinfulprey,@jbonly @originalPet
2025-09-29,**Your group is on a 116 day streak!** ğŸ”¥ğŸ”¥ğŸ”¥ Here are yesterday's results:,2/6,@theBestLoser,--,@theBestLoser,@jbonly,@sinfulprey,@joel @originalPet,@hereisrachel @hj1184,--
2025-09-29,**Your group is on a 117 day streak!** ğŸ”¥ğŸ”¥ğŸ”¥ Here are yesterday's results:,4/6,@jbonly,--,--,--,@jbonly,@CardinalJoker @hereisrachel @originalPet @hj1184 @joel @sinfulprey,--,--
2025-10-01,**Your group is on a 118 day streak!** ğŸ”¥ğŸ”¥ğŸ”¥ Here are yesterday's results:,3/6,@originalPet @joel,--,--,@originalPet @joel,@jbonly @hereisrachel,@sinfulprey @hj1184,--,--
2025-10-02,**Your group is on a 119 day streak!** ğŸ”¥ğŸ”¥ğŸ”¥ Here are yesterday's results:,3/6,@hereisrachel @mediocreplant,--,--,@hereisrachel @mediocreplant,@sinfulprey @originalPet @joel @jbonly,--,--,--
2025-10-03,**Your group is on a 120 day streak!** ğŸ”¥ğŸ”¥ğŸ”¥ Here are yesterday's results:,3/6,@sinfulprey @jbonly,--,--,@sinfulprey @jbonly,@hj1184 @CardinalJoker,@hereisrachel @joel @originalPet,--,@mediocreplant
2025-10-04,**Your group is on a 121 day streak!** ğŸ”¥ğŸ”¥ğŸ”¥ Here are yesterday's results:,4/6,@CardinalJoker @originalPet,--,--,--,@CardinalJoker @originalPet,@sinfulprey @hj1184 @joel @jbonly,@hereisrachel,--
2025-10-05,**Your group is on a 122 day streak!** ğŸ”¥ğŸ”¥ğŸ”¥ Here are yesterday's results:,2/6,@joel,--,@joel,@sinfulprey @jbonly,@CardinalJoker @originalPet,@hereisrachel,--,@mediocreplant
2025-10-06,**Your group is on a 123 day streak!** ğŸ”¥ğŸ”¥ğŸ”¥ Here are yesterday's results:,3/6,@hereisrachel @jbonly @mediocreplant,--,--,@hereisrachel @jbonly @mediocreplant,@originalPet,@CardinalJoker @sinfulprey,@joel,--
2025-10-07,**Your group is on a 124 day streak!** ğŸ”¥ğŸ”¥ğŸ”¥ Here are yesterday's results:,2/6,@CardinalJoker,--,@CardinalJoker,@hereisrachel @sinfulprey,@mediocreplant @jbonly,@originalPet @joel,--,--
2025-10-08,**Your group is on a 125 day streak!** ğŸ”¥ğŸ”¥ğŸ”¥ Here are yesterday's results:,3/6,@joel,--,--,@joel,@originalPet @hereisrachel @jbonly,@sinfulprey,--,@CardinalJoker @mediocreplant @hj1184
2025-10-09,**Your group is on a 126 day streak!** ğŸ”¥ğŸ”¥ğŸ”¥ Here are yesterday's results:,3/6,@originalPet @joel,--,--,@originalPet @joel,@hereisrachel @sinfulprey,@jbonly,--,--
2025-10-10,**Your group is on a 127 day streak!** ğŸ”¥ğŸ”¥ğŸ”¥ Here are yesterday's results:,2/6,@hereisrachel,--,@hereisrachel,--,@sinfulprey @jbonly @CardinalJoker,@originalPet,--,@joel
2025-10-11,**Your group is on a 128 day streak!** ğŸ”¥ğŸ”¥ğŸ”¥ Here are yesterday's results:,3/6,@hereisrachel,--,--,@hereisrachel,@sinfulprey @jbonly,@originalPet @joel,--,@CardinalJoker
2025-10-12,**Your group is on a 129 day streak!** ğŸ”¥ğŸ”¥ğŸ”¥ Here are yesterday's results:,2/6,@originalPet,--,@originalPet,@jbonly @joel,@sinfulprey,@hereisrachel @CardinalJoker @mediocreplant,--,--
2025-10-13,**Your group is on a 130 day streak!** ğŸ”¥ğŸ”¥ğŸ”¥ Here are yesterday's results:,3/6,@mediocreplant,--,--,@mediocreplant,@sinfulprey @jbonly,@originalPet @hj1184,@joel,@hereisrachel
2025-10-14,**Your group is on a 131 day streak!** ğŸ”¥ğŸ”¥ğŸ”¥ Here are yesterday's results:,3/6,@sinfulprey @CardinalJoker,--,--,@sinfulprey @CardinalJoker,@hereisrachel @originalPet @jbonly,@joel,@mediocreplant,--
2025-10-14,**Your group is on a 132 day streak!** ğŸ”¥ğŸ”¥ğŸ”¥ Here are yesterday's results:,3/6,@hereisrachel @originalPet,--,--,@hereisrachel @originalPet,@sinfulprey @mediocreplant @jbonly @CardinalJoker,@joel,--,--
2025-10-16,**Your group is on a 133 day streak!** ğŸ”¥ğŸ”¥ğŸ”¥ Here are yesterday's results:,5/6,@sinfulprey @jbonly @hereisrachel @originalPet,--,--,--,--,@sinfulprey @jbonly @hereisrachel @originalPet,--,@CardinalJoker
2025-10-17,**Your group is on a 134 day streak!** ğŸ”¥ğŸ”¥ğŸ”¥ Here are yesterday's results:,3/6,@hereisrachel,--,--,@hereisrachel,@originalPet,--,@joel @jbonly,@sinfulprey
2025-10-18,**Your group is on a 135 day streak!** ğŸ”¥ğŸ”¥ğŸ”¥ Here are yesterday's results:,3/6,@jbonly,--,--,@jbonly,@sinfulprey @originalPet,--,--,@joel @hereisrachel
2025-10-19,**Your group is on a 136 day streak!** ğŸ”¥ğŸ”¥ğŸ”¥ Here are yesterday's results:,3/6,@hereisrachel,--,--,@hereisrachel,@sinfulprey @originalPet @jbonly,@joel,--,@mediocreplant
2025-10-20,**Your group is on a 137 day streak!** ğŸ”¥ğŸ”¥ğŸ”¥ Here are yesterday's results:,3/6,@joel @hereisrachel,--,--,@joel @hereisrachel,@sinfulprey @jbonly,@originalPet,--,--
2025-10-21,**Your group is on a 138 day streak!** ğŸ”¥ğŸ”¥ğŸ”¥ Here are yesterday's results:,3/6,@hereisrachel,--,--,@hereisrachel,@joel @sinfulprey,@originalPet @jbonly,--,--
2025-10-22,**Your group is on a 139 day streak!** ğŸ”¥ğŸ”¥ğŸ”¥ Here are yesterday's results:,4/6,@originalPet @hereisrachel @sinfulprey @jbonly,--,--,--,@originalPet @hereisrachel @sinfulprey @jbonly,@joel,--,--
2025-10-23,**Your group is on a 140 day streak!** ğŸ”¥ğŸ”¥ğŸ”¥ Here are yesterday's results:,4/6,@mediocreplant,--,--,--,@mediocreplant,@sinfulprey @joel @jbonly,@hereisrachel,@originalPet
2025-10-24,**Your group is on a 141 day streak!** ğŸ”¥ğŸ”¥ğŸ”¥ Here are yesterday's results:,3/6,@jbonly,--,--,@jbonly,@sinfulprey @hereisrachel @MajorDanger,@originalPet,@mediocreplant,--
2025-10-25,**Your group is on a 142 day streak!** ğŸ”¥ğŸ”¥ğŸ”¥ Here are yesterday's results:,4/6,@jbonly,--,--,--,@jbonly,@sinfulprey @hereisrachel @originalPet @mediocreplant,--,@MajorDanger
2025-10-26,**Your group is on a 143 day streak!** ğŸ”¥ğŸ”¥ğŸ”¥ Here are yesterday's results:,3/6,@sinfulprey,--,--,@sinfulprey,@hereisrachel @originalPet @joel,@mediocreplant,--,--
2025-10-27,**Your group is on a 144 day streak!** ğŸ”¥ğŸ”¥ğŸ”¥ Here are yesterday's results:,4/6,@hereisrachel,--,--,--,@hereisrachel,@sinfulprey @originalPet,@jbonly,--
2025-10-28,**Your group is on a 145 day streak!** ğŸ”¥ğŸ”¥ğŸ”¥ Here are yesterday's results:,3/6,@hereisrachel @jbonly,--,--,@hereisrachel @jbonly,@sinfulprey @originalPet,--,--,--
2025-10-29,**Your group is on a 146 day streak!** ğŸ”¥ğŸ”¥ğŸ”¥ Here are yesterday's results:,4/6,@sinfulprey,--,--,--,@sinfulprey,@jbonly,@originalPet @hereisrachel,--
2025-10-30,**Your group is on a 147 day streak!** ğŸ”¥ğŸ”¥ğŸ”¥ Here are yesterday's results:,3/6,@jbonly,--,--,@jbonly,@hereisrachel @joel,@sinfulprey @originalPet,--,--
2025-10-31,**Your group is on a 148 day streak!** ğŸ”¥ğŸ”¥ğŸ”¥ Here are yesterday's results:,2/6,@joel,--,@joel,--,@originalPet @hereisrachel @jbonly @sinfulprey,--,--,@CardinalJoker
2025-10-31,**Your group is on a 149 day streak!** ğŸ”¥ğŸ”¥ğŸ”¥ Here are yesterday's results:,3/6,@originalPet,--,--,@originalPet,@jbonly @hereisrachel @joel,@MajorDanger,--,@sinfulprey
2025-11-02,**Your group is on a 150 day streak!** ğŸ”¥ğŸ”¥ğŸ”¥ Here are yesterday's results:,3/6,@originalPet @jbonly @sinfulprey,--,--,@originalPet @jbonly @sinfulprey,@hereisrachel @joel,--,--,--
2025-11-03,**Your group is on a 151 day streak!** ğŸ”¥ğŸ”¥ğŸ”¥ Here are yesterday's results:,4/6,@joel @jbonly,--,--,--,@joel @jbonly,@hereisrachel @originalPet,--,@sinfulprey
2025-11-04,**Your group is on a 152 day streak!** ğŸ”¥ğŸ”¥ğŸ”¥ Here are yesterday's results:,3/6,@sinfulprey,--,--,@sinfulprey,@hereisrachel @originalPet,@jbonly,@joel,--
2025-11-05,**Your group is on a 153 day streak!** ğŸ”¥ğŸ”¥ğŸ”¥ Here are yesterday's results:,4/6,@originalPet @jbonly,--,--,--,@originalPet @jbonly,@sinfulprey @hereisrachel @joel @mediocreplant,--,--
2025-11-06,**Your group is on a 154 day streak!** ğŸ”¥ğŸ”¥ğŸ”¥ Here are yesterday's results:,3/6,@hereisrachel,--,--,@hereisrachel,@originalPet @joel,@jbonly @sinfulprey,--,--
2025-11-07,**Your group is on a 155 day streak!** ğŸ”¥ğŸ”¥ğŸ”¥ Here are yesterday's results:,3/6,@jbonly @hereisrachel,--,--,@jbonly @hereisrachel,@originalPet,@sinfulprey,@joel,--
2025-11-08,**Your group is on a 156 day streak!** ğŸ”¥ğŸ”¥ğŸ”¥ Here are yesterday's results:,2/6,@jbonly,--,@jbonly,@originalPet @hereisrachel,@sinfulprey @joel @MajorDanger,--,--,--
2025-11-09,**Your group is on a 157 day streak!** ğŸ”¥ğŸ”¥ğŸ”¥ Here are yesterday's results:,3/6,@hereisrachel,--,--,@hereisrachel,@jbonly,@sinfulprey @originalPet @joel,@MajorDanger,--
2025-11-10,**Your group is on a 158 day streak!** ğŸ”¥ğŸ”¥ğŸ”¥ Here are yesterday's results:,4/6,@originalPet,--,--,--,@originalPet,@mediocreplant @hereisrachel @jbonly,@sinfulprey @joel,@MajorDanger
2025-11-11,**Your group is on a 159 day streak!** ğŸ”¥ğŸ”¥ğŸ”¥ Here are yesterday's results:,4/6,@sinfulprey,--,--,--,@sinfulprey,@hereisrachel @jbonly @originalPet,--,@MajorDanger
2025-11-12,**Your group is on a 160 day streak!** ğŸ”¥ğŸ”¥ğŸ”¥ Here are yesterday's results:,4/6,@originalPet @sinfulprey @hereisrachel,--,--,--,@originalPet @sinfulprey @hereisrachel,@joel,@jbonly,@MajorDanger
2025-11-13,**Your group is on a 161 day streak!** ğŸ”¥ğŸ”¥ğŸ”¥ Here are yesterday's results:,2/6,@hereisrachel,--,@hereisrachel,--,@jbonly @originalPet @joel,@sinfulprey @MajorDanger,--,--
2025-11-14,**Your group is on a 162 day streak!** ğŸ”¥ğŸ”¥ğŸ”¥ Here are yesterday's results:,3/6,@jbonly,--,--,@jbonly,@originalPet @sinfulprey @hereisrachel,@joel,--,@MajorDanger
2025-11-15,**Your group is on a 163 day streak!** ğŸ”¥ğŸ”¥ğŸ”¥ Here are yesterday's results:,2/6,@jbonly,--,@jbonly,@hereisrachel,@MajorDanger @mediocreplant @originalPet,@sinfulprey,--,--
2025-11-16,**Your group is on a 164 day streak!** ğŸ”¥ğŸ”¥ğŸ”¥ Here are yesterday's results:,4/6,@sinfulprey @originalPet,--,--,--,@sinfulprey @originalPet,@hereisrachel @jbonly @MajorDanger @joel,--,@toastychu
2025-11-17,**Your group is on a 165 day streak!** ğŸ”¥ğŸ”¥ğŸ”¥ Here are yesterday's results:,4/6,@sinfulprey @jbonly,--,--,--,@sinfulprey @jbonly,@hereisrachel,@originalPet @joel,@MajorDanger
2025-11-18,**Your group is on a 166 day streak!** ğŸ”¥ğŸ”¥ğŸ”¥ Here are yesterday's results:,3/6,@hereisrachel @jbonly,--,--,@hereisrachel @jbonly,@sinfulprey @originalPet @joel,--,@NotMajorPerson,--
2025-11-19,**Your group is on a 167 day streak!** ğŸ”¥ğŸ”¥ğŸ”¥ Here are yesterday's results:,3/6,@jbonly,--,--,@jbonly,@originalPet @sinfulprey,@hereisrachel,--,@MajorDanger
2025-11-20,**Your group is on a 168 day streak!** ğŸ”¥ğŸ”¥ğŸ”¥ Here are yesterday's results:,2/6,@MajorDanger,--,@MajorDanger,@hereisrachel,@originalPet,--,@sinfulprey @jbonly,--
2025-11-21,**Your group is on a 169 day streak!** ğŸ”¥ğŸ”¥ğŸ”¥ Here are yesterday's results:,5/6,@sinfulprey @originalPet,--,--,--,--,@sinfulprey @originalPet,@hereisrachel @jbonly,--
2025-11-22,**Your group is on a 170 day streak!** ğŸ”¥ğŸ”¥ğŸ”¥ Here are yesterday's results:,4/6,@hereisrachel @jbonly,--,--,--,@hereisrachel @jbonly,@sinfulprey @mediocreplant,@originalPet @MajorDanger,--
2025-11-23,**Your group is on a 171 day streak!** ğŸ”¥ğŸ”¥ğŸ”¥ Here are yesterday's results:,3/6,@sinfulprey @hereisrachel,--,--,@sinfulprey @hereisrachel,@originalPet @jbonly,@MajorDanger,--,--
2025-11-24,**Your group is on a 172 day streak!** ğŸ”¥ğŸ”¥ğŸ”¥ Here are yesterday's results:,4/6,@sinfulprey @CardinalJoker @jbonly,--,--,--,@sinfulprey @CardinalJoker @jbonly,--,@MajorDanger @originalPet,--
2025-11-25,**Your group is on a 173 day streak!** ğŸ”¥ğŸ”¥ğŸ”¥ Here are yesterday's results:,2/6,@CardinalJoker,--,@CardinalJoker,@hereisrachel,@jbonly @sinfulprey,@originalPet,@MajorDanger,--
2025-11-26,**Your group is on a 174 day streak!** ğŸ”¥ğŸ”¥ğŸ”¥ Here are yesterday's results:,3/6,@hereisrachel @sinfulprey,--,--,@hereisrachel @sinfulprey,@originalPet @jbonly,--,--,--
2025-11-27,**Your group is on a 175 day streak!** ğŸ”¥ğŸ”¥ğŸ”¥ Here are yesterday's results:,3/6,@hereisrachel @jbonly,--,--,@hereisrachel @jbonly,--,@originalPet @sinfulprey,--,--
2025-11-28,**Your group is on a 176 day streak!** ğŸ”¥ğŸ”¥ğŸ”¥ Here are yesterday's results:,2/6,@originalPet,--,@originalPet,--,@hereisrachel @sinfulprey @jbonly,--,--,@thePollChancellor
2025-11-29,**Your group is on a 177 day streak!** ğŸ”¥ğŸ”¥ğŸ”¥ Here are yesterday's results:,3/6,@jbonly,--,--,@jbonly,@hereisrachel @originalPet @sinfulprey,@thePollChancellor,@MajorDanger,--
2025-11-30,**Your group is on a 178 day streak!** ğŸ”¥ğŸ”¥ğŸ”¥ Here are yesterday's results:,3/6,@thePollChancellor,--,--,@thePollChancellor,@hereisrachel @originalPet @sinfulprey @jbonly,@theFastestClark,--,--
2025-12-01,**Your group is on a 179 day streak!** ğŸ”¥ğŸ”¥ğŸ”¥ Here are yesterday's results:,4/6,@MajorDanger @sinfulprey @hereisrachel,--,--,--,@MajorDanger @sinfulprey @hereisrachel,@originalPet @theFastestClark @thePollChancellor @jbonly,--,--
2025-12-02,**Your group is on a 180 day streak!** ğŸ”¥ğŸ”¥ğŸ”¥ Here are yesterday's results:,3/6,@hereisrachel,--,--,@hereisrachel,@jbonly,@originalPet @thePollChancellor,@sinfulprey,--
2025-12-03,**Your group is on a 181 day streak!** ğŸ”¥ğŸ”¥ğŸ”¥ Here are yesterday's results:,3/6,@jbonly,--,--,@jbonly,@hereisrachel,--,@MajorDanger,@sinfulprey @thePollChancellor
2025-12-04,**Your group is on a 182 day streak!** ğŸ”¥ğŸ”¥ğŸ”¥ Here are yesterday's results:,3/6,@originalPet @theFastestClark @jbonly,--,--,@originalPet @theFastestClark @jbonly,--,@sinfulprey @thePollChancellor,@hereisrachel,@mediocreplant
2025-12-05,**Your group is on a 183 day streak!** ğŸ”¥ğŸ”¥ğŸ”¥ Here are yesterday's results:,2/6,@jbonly,--,@jbonly,@hereisrachel,@originalPet @thePollChancellor,--,--,@MajorDanger
2025-12-06,**Your group is on a 184 day streak!** ğŸ”¥ğŸ”¥ğŸ”¥ Here are yesterday's results:,3/6,@thePollChancellor,--,--,@thePollChancellor,@hereisrachel @jbonly,@theFastestClark,@MajorDanger,@sinfulprey
2025-12-07,**Your group is on a 185 day streak!** ğŸ”¥ğŸ”¥ğŸ”¥ Here are yesterday's results:,3/6,@hereisrachel @originalPet @jbonly @sinfulprey,--,--,@hereisrachel @originalPet @jbonly @sinfulprey,--,@CardinalJoker @thePollChancellor,--,@MajorDanger @toastychu
2025-12-08,**Your group is on a 186 day streak!** ğŸ”¥ğŸ”¥ğŸ”¥ Here are yesterday's results:,3/6,@sinfulprey @jbonly,--,--,@sinfulprey @jbonly,@hereisrachel,--,@originalPet,--
2025-12-09,**Your group is on a 187 day streak!** ğŸ”¥ğŸ”¥ğŸ”¥ Here are yesterday's results:,5/6,@sinfulprey @originalPet @hereisrachel,--,--,--,--,@sinfulprey @originalPet @hereisrachel,@jbonly,--
2025-12-10,**Your group is on a 188 day streak!** ğŸ”¥ğŸ”¥ğŸ”¥ Here are yesterday's results:,3/6,@jbonly,--,--,@jbonly,@sinfulprey @hereisrachel @thePollChancellor @MajorDanger,--,--,--
2025-12-11,**Your group is on a 189 day streak!** ğŸ”¥ğŸ”¥ğŸ”¥ Here are yesterday's results:,3/6,@hereisrachel,--,--,@hereisrachel,@CardinalJoker @originalPet @thePollChancellor,@jbonly,@MajorDanger,@sinfulprey @theFastestClark
2025-12-12,**Your group is on a 190 day streak!** ğŸ”¥ğŸ”¥ğŸ”¥ Here are yesterday's results:,3/6,@CardinalJoker,--,--,@CardinalJoker,@jbonly @thePollChancellor @sinfulprey,@hereisrachel @theFastestClark,@originalPet @MajorDanger,--
2025-12-13,**Your group is on a 191 day streak!** ğŸ”¥ğŸ”¥ğŸ”¥ Here are yesterday's results:,2/6,@thePollChancellor,--,@thePollChancellor,@originalPet @hereisrachel @sinfulprey,@jbonly @MajorDanger,@CardinalJoker,--,--
2025-12-14,**Your group is on a 192 day streak!** ğŸ”¥ğŸ”¥ğŸ”¥ Here are yesterday's results:,3/6,@sinfulprey @originalPet,--,--,@sinfulprey @originalPet,@hereisrachel,@thePollChancellor @MajorDanger @joel,@jbonly,@CardinalJoker
2025-12-15,**Your group is on a 193 day streak!** ğŸ”¥ğŸ”¥ğŸ”¥ Here are yesterday's results:,3/6,@jbonly @CardinalJoker,--,--,@jbonly @CardinalJoker,@sinfulprey @hereisrachel,@originalPet,@joel @MajorDanger @thePollChancellor,--
2025-12-16,**Your group is on a 194 day streak!** ğŸ”¥ğŸ”¥ğŸ”¥ Here are yesterday's results:,4/6,@hereisrachel @jbonly @thePollChancellor,--,--,--,@hereisrachel @jbonly @thePollChancellor,@sinfulprey @originalPet @MajorDanger @CardinalJoker,--,--
2025-12-17,**Your group is on a 195 day streak!** ğŸ”¥ğŸ”¥ğŸ”¥ Here are yesterday's results:,3/6,@hereisrachel,--,--,@hereisrachel,@CardinalJoker @jbonly,@originalPet,@sinfulprey @joel,--
2025-12-18,**Your group is on a 196 day streak!** ğŸ”¥ğŸ”¥ğŸ”¥ Here are yesterday's results:,1/6,@mediocreplant,@mediocreplant,@CardinalJoker,@jbonly,@sinfulprey,@MajorDanger,@hereisrachel @originalPet,@theFastestClark
2025-12-19,**Your group is on a 197 day streak!** ğŸ”¥ğŸ”¥ğŸ”¥ Here are yesterday's results:,3/6,@sinfulprey @hereisrachel,--,--,@sinfulprey @hereisrachel,@jbonly,@originalPet,--,@CardinalJoker
2025-12-20,**Your group is on a 198 day streak!** ğŸ”¥ğŸ”¥ğŸ”¥ Here are yesterday's results:,4/6,@hereisrachel @jbonly,--,--,--,@hereisrachel @jbonly,@joel,@MajorDanger,@CardinalJoker @sinfulprey
2025-12-21,**Your group is on a 199 day streak!** ğŸ”¥ğŸ”¥ğŸ”¥ Here are yesterday's results:,3/6,@sinfulprey,--,--,@sinfulprey,@joel @hereisrachel @jbonly,@hj1184 @MajorDanger,--,--
2025-12-22,**Your group is on a 200 day streak!** ğŸ”¥ğŸ”¥ğŸ”¥ Here are yesterday's results:,4/6,@hereisrachel @CardinalJoker,--,--,--,@hereisrachel @CardinalJoker,@originalPet @mediocreplant,@MajorDanger @jbonly,--
2025-12-23,**Your group is on a 201 day streak!** ğŸ”¥ğŸ”¥ğŸ”¥ Here are yesterday's results:,3/6,@sinfulprey @jbonly,--,--,@sinfulprey @jbonly,@hereisrachel @originalPet @joel @AsA,@hj1184 @mediocreplant @MajorDanger,@CardinalJoker,--
2025-12-24,**Your group is on a 202 day streak!** ğŸ”¥ğŸ”¥ğŸ”¥ Here are yesterday's results:,3/6,@hereisrachel @hj1184,--,--,@hereisrachel @hj1184,@jbonly @CardinalJoker @MajorDanger @sinfulprey,@joel,@originalPet,@AsA
2025-12-25,**Your group is on a 203 day streak!** ğŸ”¥ğŸ”¥ğŸ”¥ Here are yesterday's results:,4/6,@hj1184 @MajorDanger,--,--,--,@hj1184 @MajorDanger,@originalPet @CardinalJoker @jbonly @joel,@hereisrachel @sinfulprey,--
2025-12-26,**Your group is on a 204 day streak!** ğŸ”¥ğŸ”¥ğŸ”¥ Here are yesterday's results:,2/6,@originalPet,--,@originalPet,@CardinalJoker @molligan82,@hereisrachel @sinfulprey @mediocreplant @jbonly,@MajorDanger,--,--
2025-12-27,**Your group is on a 205 day streak!** ğŸ”¥ğŸ”¥ğŸ”¥ Here are yesterday's results:,3/6,@sinfulprey @originalPet @jbonly,--,--,@sinfulprey @originalPet @jbonly,@CardinalJoker @hereisrachel @MajorDanger,@hj1184,--,--
2025-12-28,**Your group is on a 206 day streak!** ğŸ”¥ğŸ”¥ğŸ”¥ Here are yesterday's results:,4/6,@jbonly @CardinalJoker,--,--,--,@jbonly @CardinalJoker,@originalPet @hj1184 @MajorDanger,@sinfulprey,@hereisrachel
2025-12-29,**Your group is on a 207 day streak!** ğŸ”¥ğŸ”¥ğŸ”¥ Here are yesterday's results:,4/6,@jbonly @MajorDanger,--,--,--,@jbonly @MajorDanger,@hereisrachel @originalPet @CardinalJoker,@sinfulprey @hj1184,--
2025-12-30,**Your group is on a 208 day streak!** ğŸ”¥ğŸ”¥ğŸ”¥ Here are yesterday's results:,3/6,@jbonly @MajorDanger,--,--,@jbonly @MajorDanger,@hereisrachel @originalPet @CardinalJoker,@sinfulprey @joel,--,@hj1184
2025-12-31,**Your group is on a 209 day streak!** ğŸ”¥ğŸ”¥ğŸ”¥ Here are yesterday's results:,3/6,@hereisrachel @sinfulprey @MajorDanger,--,--,@hereisrachel @sinfulprey @MajorDanger,@originalPet @jbonly @joel,--,--,@CardinalJoker @thePollChancellor
2026-01-01,**Your group is on a 210 day streak!** ğŸ”¥ğŸ”¥ğŸ”¥ Here are yesterday's results:,3/6,@hereisrachel @thePollChancellor,--,--,@hereisrachel @thePollChancellor,@CardinalJoker @sinfulprey @hj1184 @originalPet @joel @toastychu @jbonly,@MajorDanger,--,--
2026-01-02,**Your group is on a 211 day streak!** ğŸ”¥ğŸ”¥ğŸ”¥ Here are yesterday's results:,3/6,@toastychu @jbonly,--,--,@toastychu @jbonly,@joel @originalPet,@thePollChancellor @hj1184 @hereisrachel @MajorDanger,@sinfulprey @CardinalJoker,--
2026-01-03,**Your group is on a 212 day streak!** ğŸ”¥ğŸ”¥ğŸ”¥ Here are yesterday's results:,4/6,@hereisrachel @sinfulprey,--,--,--,@hereisrachel @sinfulprey,@joel,@CardinalJoker,@toastychu @jbonly
2026-01-04,**Your group is on a 213 day streak!** ğŸ”¥ğŸ”¥ğŸ”¥ Here are yesterday's results:,3/6,@sinfulprey,--,--,@sinfulprey,@MajorDanger @CardinalJoker @joel,@hereisrachel,--,--
2026-01-05,**Your group is on a 214 day streak!** ğŸ”¥ğŸ”¥ğŸ”¥ Here are yesterday's results:,3/6,@hereisrachel @CardinalJoker,--,--,@hereisrachel @CardinalJoker,@sinfulprey @MajorDanger,@jbonly,--,--
2026-01-06,**Your group is on a 215 day streak!** ğŸ”¥ğŸ”¥ğŸ”¥ Here are yesterday's results:,3/6,@CardinalJoker,--,--,@CardinalJoker,@hereisrachel,--,@jbonly @originalPet,@MajorDanger
2026-01-07,**Your group is on a 216 day streak!** ğŸ”¥ğŸ”¥ğŸ”¥ Here are yesterday's results:,4/6,@jbonly,--,--,--,@jbonly,@hereisrachel @sinfulprey,--,@originalPet
2026-01-08,**Your group is on a 217 day streak!** ğŸ”¥ğŸ”¥ğŸ”¥ Here are yesterday's results:,3/6,@hereisrachel,--,--,@hereisrachel,@sinfulprey @jbonly @originalPet,--,--,--
2026-01-09,**Your group is on a 218 day streak!** ğŸ”¥ğŸ”¥ğŸ”¥ Here are yesterday's results:,3/6,@hereisrachel @originalPet @sinfulprey @jbonly,--,--,@hereisrachel @originalPet @sinfulprey @jbonly,@toastychu @CardinalJoker @MajorDanger,--,--,--
2026-01-10,**Your group is on a 219 day streak!** ğŸ”¥ğŸ”¥ğŸ”¥ Here are yesterday's results:,4/6,@hereisrachel @joel,--,--,--,@hereisrachel @joel,@sinfulprey @jbonly,--,@originalPet @CardinalJoker
2026-01-11,**Your group is on a 220 day streak!** ğŸ”¥ğŸ”¥ğŸ”¥ Here are yesterday's results:,3/6,@hereisrachel,--,--,@hereisrachel,@sinfulprey @jbonly @mediocreplant,@joel,@MajorDanger,@CardinalJoker
2026-01-12,**Your group is on a 221 day streak!** ğŸ”¥ğŸ”¥ğŸ”¥ Here are yesterday's results:,4/6,@hereisrachel @sinfulprey,--,--,--,@hereisrachel @sinfulprey,@joel @jbonly,--,@mediocreplant @originalPet @MajorDanger
2026-01-13,**Your group is on a 222 day streak!** ğŸ”¥ğŸ”¥ğŸ”¥ Here are yesterday's results:,2/6,@jbonly,--,@jbonly,@hereisrachel @sinfulprey @CardinalJoker @joel,@originalPet,--,--,--
2026-01-14,**Your group is on a 223 day streak!** ğŸ”¥ğŸ”¥ğŸ”¥ Here are yesterday's results:,4/6,@originalPet @hereisrachel @jbonly @CardinalJoker @toastychu,--,--,--,@originalPet @hereisrachel @jbonly @CardinalJoker @toastychu,@joel,@sinfulprey,--
2026-01-15,**Your group is on a 224 day streak!** ğŸ”¥ğŸ”¥ğŸ”¥ Here are yesterday's results:,3/6,@toastychu,--,--,@toastychu,@hereisrachel @sinfulprey @originalPet,@joel,@CardinalJoker @jbonly,@MajorDanger
2026-01-16,**Your group is on a 225 day streak!** ğŸ”¥ğŸ”¥ğŸ”¥ Here are yesterday's results:,2/6,@originalPet,--,@originalPet,@hereisrachel,@jbonly @MajorDanger @joel,@sinfulprey @CardinalJoker,@toastychu,--
2026-01-17,**Your group is on a 226 day streak!** ğŸ”¥ğŸ”¥ğŸ”¥ Here are yesterday's results:,3/6,@originalPet @jbonly,--,--,@originalPet @jbonly,--,@sinfulprey @joel,@hereisrachel @CardinalJoker @toastychu,@MajorDanger
2026-01-18,**Your group is on a 227 day streak!** ğŸ”¥ğŸ”¥ğŸ”¥ Here are yesterday's results:,3/6,@hereisrachel,--,--,@hereisrachel,@toastychu @jbonly,--,@originalPet @joel @MajorDanger,@sinfulprey
2026-01-19,**Your group is on a 228 day streak!** ğŸ”¥ğŸ”¥ğŸ”¥ Here are yesterday's results:,2/6,@originalPet,--,@originalPet,@hereisrachel,@joel,@sinfulprey @jbonly,--,@toastychu @CardinalJoker
2026-01-20,**Your group is on a 229 day streak!** ğŸ”¥ğŸ”¥ğŸ”¥ Here are yesterday's results:,4/6,@jbonly @sinfulprey @joel,--,--,--,@jbonly @sinfulprey @joel,--,@hereisrachel @originalPet,@CardinalJoker
2026-01-21,**Your group is on a 230 day streak!** ğŸ”¥ğŸ”¥ğŸ”¥ Here are yesterday's results:,4/6,@CardinalJoker @hereisrachel @jbonly,--,--,--,@CardinalJoker @hereisrachel @jbonly,@MajorDanger @originalPet @sinfulprey,--,@toastychu
2026-01-22,**Your group is on a 231 day streak!** ğŸ”¥ğŸ”¥ğŸ”¥ Here are yesterday's results:,3/6,@CardinalJoker,--,--,@CardinalJoker,@hereisrachel,@originalPet @sinfulprey @jbonly,@toastychu,@MajorDanger
2026-01-23,**Your group is on a 232 day streak!** ğŸ”¥ğŸ”¥ğŸ”¥ Here are yesterday's results:,4/6,@hereisrachel,--,--,--,@hereisrachel,@CardinalJoker @sinfulprey @originalPet @jbonly,--,--
2026-01-24,**Your group is on a 233 day streak!** ğŸ”¥ğŸ”¥ğŸ”¥ Here are yesterday's results:,3/6,@originalPet,--,--,@originalPet,@hereisrachel @jbonly,@sinfulprey,--,@CardinalJoker
2026-01-25,**Your group is on a 234 day streak!** ğŸ”¥ğŸ”¥ğŸ”¥ Here are yesterday's results:,3/6,@toastychu @jbonly,--,--,@toastychu @jbonly,@sinfulprey @originalPet,@CardinalJoker,@hereisrachel,@MajorDanger
2026-01-26,**Your group is on a 235 day streak!** ğŸ”¥ğŸ”¥ğŸ”¥ Here are yesterday's results:,3/6,@jbonly,--,--,@jbonly,@CardinalJoker @hereisrachel @originalPet @sinfulprey,@molligan82,--,--
2026-01-27,**Your group is on a 236 day streak!** ğŸ”¥ğŸ”¥ğŸ”¥ Here are yesterday's results:,3/6,@joel,--,--,@joel,@hereisrachel @originalPet @toastychu @CardinalJoker,@jbonly @MajorDanger,@sinfulprey,--
2026-01-28,**Your group is on a 237 day streak!** ğŸ”¥ğŸ”¥ğŸ”¥ Here are yesterday's results:,3/6,@hereisrachel @thePollChancellor,--,--,@hereisrachel @thePollChancellor,@sinfulprey,@originalPet,@toastychu @joel @jbonly,--
2026-01-28,**Your group is on a 238 day streak!** ğŸ”¥ğŸ”¥ğŸ”¥ Here are yesterday's results:,3/6,@sinfulprey @joel,--,--,@sinfulprey @joel,@hereisrachel @thePollChancellor @jbonly,@MajorDanger @CardinalJoker,@toastychu,--
2026-01-30,**Your group is on a 239 day streak!** ğŸ”¥ğŸ”¥ğŸ”¥ Here are yesterday's results:,3/6,@originalPet @joel,--,--,@originalPet @joel,@toastychu @jbonly @theFastestClark @sinfulprey @CardinalJoker,@hereisrachel,--,@thePollChancellor
2026-01-31,**Your group is on a 240 day streak!** ğŸ”¥ğŸ”¥ğŸ”¥ Here are yesterday's results:,4/6,@sinfulprey,--,--,--,@sinfulprey,@joel,@originalPet @hereisrachel @jbonly,@MajorDanger @CardinalJoker @thePollChancellor
2026-02-01,**Your group is on a 241 day streak!** ğŸ”¥ğŸ”¥ğŸ”¥ Here are yesterday's results:,3/6,@joel,--,--,@joel,@originalPet @jbonly @sinfulprey @thePollChancellor,--,@hereisrachel,@CardinalJoker
2026-02-02,**Your group is on a 242 day streak!** ğŸ”¥ğŸ”¥ğŸ”¥ Here are yesterday's results:,3/6,@hereisrachel @thePollChancellor @joel,--,--,@hereisrachel @thePollChancellor @joel,@jbonly @sinfulprey,@originalPet,--,@CardinalJoker
2026-02-03,**Your group is on a 243 day streak!** ğŸ”¥ğŸ”¥ğŸ”¥ Here are yesterday's results:,3/6,@sinfulprey @thePollChancellor,--,--,@sinfulprey @thePollChancellor,@hereisrachel @originalPet @jbonly,@joel,@toastychu,--
2026-02-04,**Your group is on a 244 day streak!** ğŸ”¥ğŸ”¥ğŸ”¥ Here are yesterday's results:,3/6,@jbonly @sinfulprey,--,--,@jbonly @sinfulprey,@hereisrachel @thePollChancellor,@originalPet @joel,--,@MajorDanger
2026-02-05,**Your group is on a 245 day streak!** ğŸ”¥ğŸ”¥ğŸ”¥ Here are yesterday's results:,4/6,@thePollChancellor @hereisrachel,--,--,--,@thePollChancellor @hereisrachel,@sinfulprey @joel @originalPet @jbonly,--,--
2026-02-06,**Your group is on a 246 day streak!** ğŸ”¥ğŸ”¥ğŸ”¥ Here are yesterday's results:,4/6,@sinfulprey @joel @jbonly,--,--,--,@sinfulprey @joel @jbonly,@hereisrachel @originalPet @thePollChancellor,--,--
2026-02-07,**Your group is on a 247 day streak!** ğŸ”¥ğŸ”¥ğŸ”¥ Here are yesterday's results:,3/6,@hereisrachel,--,--,@hereisrachel,--,--,@joel @jbonly,@sinfulprey @thePollChancellor